SampleIndex,IoU,F1
43,0.6028188276412263,0.7521983312556337
290,0.14254368572712614,0.24951988315057902
775,0.7726552517250191,0.8717490291560841
207,0.7953481945467944,0.8860099589378856
1321,0.7073998642226749,0.828628225715165
277,0.7034900507333054,0.8259397184894669
192,0.6350835322195704,0.7768208971396424
302,0.5872950948620331,0.7399948413183329
