SampleIndex,IoU,F1
2309,0.4541139240506329,0.6245919428835811
3101,0.8952050846429221,0.9447052323348007
3328,0.8383534330900714,0.9120699136688873
3182,0.7983317167798254,0.8878581241489614
260,0.9089061110405285,0.9522795291096466
3505,0.5791784023491341,0.7335186419599654
499,0.8724541383793153,0.9318830467630868
339,0.8543381159607624,0.9214480401089352
