SampleIndex,IoU,F1
655,0.3273145108338805,0.49319811559731136
494,0.04167352989622797,0.08001264649832095
300,0.7081508894710807,0.8291432443926822
1201,0.5116951814199521,0.6769819525923899
1368,0.8382532668985616,0.9120106325018612
1212,0.0,0.0
1279,0.8340635484507598,0.9095252392712919
1198,0.866832298136646,0.9286664842184332
