SampleIndex,IoU,F1
2746,0.7880289002336246,0.8814498419633898
1869,0.804414535666218,0.8916072390867503
367,0.8127417322150275,0.8966988658582045
273,0.8146835814867173,0.8978794818830895
420,0.7506661991584853,0.8575777554196327
3523,0.0,0.0
3330,0.8242737021495522,0.9036732773636175
1725,0.7697927761272119,0.8699241878352697
