SampleIndex,IoU,F1
919,0.6819898634470737,0.8109321870448118
876,0.6611042549766594,0.7959816475624973
1080,0.7060064883933352,0.8276715111975972
1343,0.6648589372943874,0.7986970166290696
843,0.8339274115615545,0.9094442906800151
59,0.8656307403263348,0.9279764928318055
1436,0.0,0.0
954,0.8123111817581825,0.896436754803643
