SampleIndex,IoU,F1
1284,0.5957446808510638,0.746666661984419
801,0.7852908067542214,0.8797343259978015
1067,0.6531815688425672,0.7902115254847915
931,0.502065459167461,0.6685001008501348
960,0.6073232323232324,0.7556952031820723
287,0.5121638796321315,0.6773920247094724
274,0.7206490977541218,0.8376479486310875
1030,0.6832773269950551,0.8118416517929488
